_id,cas,category,name,source,url
65bb6f04c97bbb5c361cacda,106-93-4,Industrial chemicals,"1,2-dibromoethane",SILENT SPRING INSTITUTE Researching the Environment and Women’s Healt,http://sciencereview.silentspring.org/mamm_detail.cfm?cid=106-93-4
65bb6f04c97bbb5c361cacdb,75-56-9,Industrial chemicals,"1,2-propylene oxide",SILENT SPRING INSTITUTE Researching the Environment and Women’s Healt,http://sciencereview.silentspring.org/mamm_detail.cfm?cid=75-56-9
65bb6f04c97bbb5c361cacdc,106-99-0,Industrial chemicals,"1,3-butadiene",SILENT SPRING INSTITUTE Researching the Environment and Women’s Healt,http://sciencereview.silentspring.org/mamm_detail.cfm?cid=106-99-0
65bb6f04c97bbb5c361cacdd,123-91-1,Industrial chemicals,"1,4-dioxane",SILENT SPRING INSTITUTE Researching the Environment and Women’s Healt,http://sciencereview.silentspring.org/mamm_detail.cfm?cid=123-91-1
65bb6f04c97bbb5c361cacde,3296-90-0,Industrial chemicals,"2,2-bis(bromomethyl)-1,3-propanediol",SILENT SPRING INSTITUTE Researching the Environment and Women’s Healt,http://sciencereview.silentspring.org/mamm_detail.cfm?cid=3296-90-0
65bb6f04c97bbb5c361cacdf,96-13-9,Industrial chemicals,"2,3-dibromo-1-propanol",SILENT SPRING INSTITUTE Researching the Environment and Women’s Healt,http://sciencereview.silentspring.org/mamm_detail.cfm?cid=96-13-9
65bb6f04c97bbb5c361cace0,95-80-7,Industrial chemicals,"2,4-diaminotoluene",SILENT SPRING INSTITUTE Researching the Environment and Women’s Healt,http://sciencereview.silentspring.org/mamm_detail.cfm?cid=95-80-7
65bb6f04c97bbb5c361cace1,121-14-2,Industrial chemicals,"2,4-dinitrotoluene",SILENT SPRING INSTITUTE Researching the Environment and Women’s Healt,http://sciencereview.silentspring.org/mamm_detail.cfm?cid=121-14-2
65bb6f04c97bbb5c361cace2,532-27-4,Industrial chemicals,2-chloroacetophenone,SILENT SPRING INSTITUTE Researching the Environment and Women’s Healt,http://sciencereview.silentspring.org/mamm_detail.cfm?cid=532-27-4
65bb6f04c97bbb5c361cace3,75-55-8,Industrial chemicals,2-methylaziridine,SILENT SPRING INSTITUTE Researching the Environment and Women’s Healt,http://sciencereview.silentspring.org/mamm_detail.cfm?cid=75-55-8
65bb6f04c97bbb5c361cace4,101-14-4,Industrial chemicals,"4,4 '-methylene-bis(2-chloroaniline)",SILENT SPRING INSTITUTE Researching the Environment and Women’s Healt,http://sciencereview.silentspring.org/mamm_detail.cfm?cid=101-14-4
65bb6f04c97bbb5c361cace5,602-87-9,Industrial chemicals,5-nitroacenaphthene,SILENT SPRING INSTITUTE Researching the Environment and Women’s Healt,http://sciencereview.silentspring.org/mamm_detail.cfm?cid=602-87-9
65bb6f04c97bbb5c361cace6,79-06-1,Industrial chemicals,acrylamide,SILENT SPRING INSTITUTE Researching the Environment and Women’s Healt,http://sciencereview.silentspring.org/mamm_detail.cfm?cid=79-06-1
65bb6f04c97bbb5c361cace7,107-13-1,Industrial chemicals,acrylonitrile,SILENT SPRING INSTITUTE Researching the Environment and Women’s Healt,http://sciencereview.silentspring.org/mamm_detail.cfm?cid=107-13-1
65bb6f04c97bbb5c361cace8,3688-53-7,Industrial chemicals,AF-2 (2-(2-furyl)-3-(5-nitro-2-furyl) acrylamide),SILENT SPRING INSTITUTE Researching the Environment and Women’s Healt,http://sciencereview.silentspring.org/mamm_detail.cfm?cid=3688-53-7
65bb6f04c97bbb5c361cace9,71-43-2,Industrial chemicals,benzene,SILENT SPRING INSTITUTE Researching the Environment and Women’s Healt,http://sciencereview.silentspring.org/mamm_detail.cfm?cid=71-43-2
65bb6f04c97bbb5c361cacea,126-99-8,Industrial chemicals,chloroprene,SILENT SPRING INSTITUTE Researching the Environment and Women’s Healt,http://sciencereview.silentspring.org/mamm_detail.cfm?cid=126-99-8
65bb6f04c97bbb5c361caceb,75-21-8,Industrial chemicals,ethylene oxide,SILENT SPRING INSTITUTE Researching the Environment and Women’s Healt,http://sciencereview.silentspring.org/mamm_detail.cfm?cid=75-21-8
65bb6f04c97bbb5c361cacec,556-52-5,Industrial chemicals,glycidol,SILENT SPRING INSTITUTE Researching the Environment and Women’s Healt,http://sciencereview.silentspring.org/mamm_detail.cfm?cid=556-52-5
65bb6f04c97bbb5c361caced,302-01-2,Industrial chemicals,hydrazine,SILENT SPRING INSTITUTE Researching the Environment and Women’s Healt,http://sciencereview.silentspring.org/mamm_detail.cfm?cid=302-01-2
65bb6f04c97bbb5c361cacee,122-66-7,Industrial chemicals,hydrazobenzene,SILENT SPRING INSTITUTE Researching the Environment and Women’s Healt,http://sciencereview.silentspring.org/mamm_detail.cfm?cid=122-66-7
65bb6f04c97bbb5c361cacef,22398-80-7,Industrial chemicals,indium phosphide,SILENT SPRING INSTITUTE Researching the Environment and Women’s Healt,http://sciencereview.silentspring.org/mamm_detail.cfm?cid=22398-80-7
65bb6f04c97bbb5c361cacf0,98-95-3,Industrial chemicals,nitrobenzene,SILENT SPRING INSTITUTE Researching the Environment and Women’s Healt,http://sciencereview.silentspring.org/mamm_detail.cfm?cid=98-95-3
65bb6f04c97bbb5c361cacf1,75-52-5,Industrial chemicals,nitromethane,SILENT SPRING INSTITUTE Researching the Environment and Women’s Healt,http://sciencereview.silentspring.org/mamm_detail.cfm?cid=75-52-5
65bb6f04c97bbb5c361cacf2,924-16-3,Industrial chemicals,n-nitroso-di-n-butylamine,SILENT SPRING INSTITUTE Researching the Environment and Women’s Healt,http://sciencereview.silentspring.org/mamm_detail.cfm?cid=924-16-3
65bb6f04c97bbb5c361cacf3,88-72-2,Industrial chemicals,o-nitrotoluene,SILENT SPRING INSTITUTE Researching the Environment and Women’s Healt,http://sciencereview.silentspring.org/mamm_detail.cfm?cid=88-72-2
65bb6f04c97bbb5c361cacf4,97-56-3,Industrial chemicals,ortho-aminoazotoluene,SILENT SPRING INSTITUTE Researching the Environment and Women’s Healt,http://sciencereview.silentspring.org/mamm_detail.cfm?cid=97-56-3
65bb6f04c97bbb5c361cacf5,636-21-5,Industrial chemicals,ortho-toluidine hydrochloride,SILENT SPRING INSTITUTE Researching the Environment and Women’s Healt,http://sciencereview.silentspring.org/mamm_detail.cfm?cid=636-21-5
65bb6f04c97bbb5c361cacf6,335-67-1,Industrial chemicals,perfluorooctanoic acid,SILENT SPRING INSTITUTE Researching the Environment and Women’s Healt,http://sciencereview.silentspring.org/mamm_detail.cfm?cid=335-67-1
65bb6f04c97bbb5c361cacf7,1120-71-4,Industrial chemicals,propane sultone,SILENT SPRING INSTITUTE Researching the Environment and Women’s Healt,http://sciencereview.silentspring.org/mamm_detail.cfm?cid=1120-71-4
65bb6f04c97bbb5c361cacf8,100-42-5,Industrial chemicals,styrene,SILENT SPRING INSTITUTE Researching the Environment and Women’s Healt,http://sciencereview.silentspring.org/mamm_detail.cfm?cid=100-42-5
65bb6f04c97bbb5c361cacf9,26471-62-5,Industrial chemicals,toluene diisocyanate mixtures,SILENT SPRING INSTITUTE Researching the Environment and Women’s Healt,http://sciencereview.silentspring.org/mamm_detail.cfm?cid=26471-62-5
65bb6f04c97bbb5c361cacfa,51-79-6,Industrial chemicals,urethane,SILENT SPRING INSTITUTE Researching the Environment and Women’s Healt,http://sciencereview.silentspring.org/mamm_detail.cfm?cid=51-79-6
65bb6f04c97bbb5c361cacfb,75-01-4,Industrial chemicals,vinyl chloride,SILENT SPRING INSTITUTE Researching the Environment and Women’s Healt,http://sciencereview.silentspring.org/mamm_detail.cfm?cid=75-01-4
65bb6f04c97bbb5c361cacfc,75-02-5,Industrial chemicals,vinyl fluoride,SILENT SPRING INSTITUTE Researching the Environment and Women’s Healt,http://sciencereview.silentspring.org/mamm_detail.cfm?cid=75-02-5
65bb6f04c97bbb5c361cacfd,75-35-4,Industrial chemicals,vinylidene chloride,SILENT SPRING INSTITUTE Researching the Environment and Women’s Healt,http://sciencereview.silentspring.org/mamm_detail.cfm?cid=75-35-4
65bb6f04c97bbb5c361cacfe,75-34-3,Chlorinated solvent,"1,1-dichloroethane",SILENT SPRING INSTITUTE Researching the Environment and Women’s Healt,http://sciencereview.silentspring.org/mamm_detail.cfm?cid=75-34-3
65bb6f04c97bbb5c361cacff,96-18-4,Chlorinated solvent,"1,2,3-trichloropropane",SILENT SPRING INSTITUTE Researching the Environment and Women’s Healt,http://sciencereview.silentspring.org/mamm_detail.cfm?cid=96-18-4
65bb6f04c97bbb5c361cad00,107-06-2,Chlorinated solvent,"1,2-dichloroethane",SILENT SPRING INSTITUTE Researching the Environment and Women’s Healt,http://sciencereview.silentspring.org/mamm_detail.cfm?cid=107-06-2
65bb6f04c97bbb5c361cad01,78-87-5,Chlorinated solvent,"1,2-dichloropropane",SILENT SPRING INSTITUTE Researching the Environment and Women’s Healt,http://sciencereview.silentspring.org/mamm_detail.cfm?cid=78-87-5
65bb6f04c97bbb5c361cad02,56-23-5,Chlorinated solvent,carbon tetrachloride ,SILENT SPRING INSTITUTE Researching the Environment and Women’s Healt,http://sciencereview.silentspring.org/mamm_detail.cfm?cid=56-23-5
65bb6f04c97bbb5c361cad03,75-09-2,Chlorinated solvent,methylene chloride ,SILENT SPRING INSTITUTE Researching the Environment and Women’s Healt,http://sciencereview.silentspring.org/mamm_detail.cfm?cid=75-09-2
65bb6f04c97bbb5c361cad04,75321-20-9,Product of combustion,"1,3-dinitropyrene",SILENT SPRING INSTITUTE Researching the Environment and Women’s Healt,http://sciencereview.silentspring.org/mamm_detail.cfm?cid=75321-20-9
65bb6f04c97bbb5c361cad05,42397-65-9,Product of combustion,"1,8-dinitropyrene",SILENT SPRING INSTITUTE Researching the Environment and Women’s Healt,http://sciencereview.silentspring.org/mamm_detail.cfm?cid=42397-65-9
65bb6f04c97bbb5c361cad06,5522-43-0,Product of combustion,1-nitropyrene,SILENT SPRING INSTITUTE Researching the Environment and Women’s Healt,http://sciencereview.silentspring.org/mamm_detail.cfm?cid=5522-43-0
65bb6f04c97bbb5c361cad07,613-13-8,Product of combustion,2-aminoanthracene,SILENT SPRING INSTITUTE Researching the Environment and Women’s Healt,http://sciencereview.silentspring.org/mamm_detail.cfm?cid=613-13-8
65bb6f04c97bbb5c361cad08,607-57-8,Product of combustion,2-nitrofluorene,SILENT SPRING INSTITUTE Researching the Environment and Women’s Healt,http://sciencereview.silentspring.org/mamm_detail.cfm?cid=607-57-8
65bb6f04c97bbb5c361cad09,62450-07-1,Product of combustion,"3-amino-1-methyl-5h-pyrido[4,3-b]indole",SILENT SPRING INSTITUTE Researching the Environment and Women’s Healt,http://sciencereview.silentspring.org/mamm_detail.cfm?cid=62450-07-1
65bb6f04c97bbb5c361cad0a,56-49-5,Product of combustion,3-methylcholanthrene,SILENT SPRING INSTITUTE Researching the Environment and Women’s Healt,http://sciencereview.silentspring.org/mamm_detail.cfm?cid=56-49-5
65bb6f04c97bbb5c361cad0b,57835-92-4,Product of combustion,4-nitropyrene,SILENT SPRING INSTITUTE Researching the Environment and Women’s Healt,http://sciencereview.silentspring.org/mamm_detail.cfm?cid=57835-92-4
65bb6f04c97bbb5c361cad0c,7496-02-8,Product of combustion,6-nitrochrysene,SILENT SPRING INSTITUTE Researching the Environment and Women’s Healt,http://sciencereview.silentspring.org/mamm_detail.cfm?cid=7496-02-8
65bb6f04c97bbb5c361cad0d,57-97-6,Product of combustion,"7,12-dimethylbenz[a]anthracene",SILENT SPRING INSTITUTE Researching the Environment and Women’s Healt,http://sciencereview.silentspring.org/mamm_detail.cfm?cid=57-97-6
65bb6f04c97bbb5c361cad0e,50-32-8,Product of combustion,benzo[a]pyrene,SILENT SPRING INSTITUTE Researching the Environment and Women’s Healt,http://sciencereview.silentspring.org/mamm_detail.cfm?cid=50-32-8
65bb6f04c97bbb5c361cad0f,53-70-3,Product of combustion,"dibenz[a,h]anthracene",SILENT SPRING INSTITUTE Researching the Environment and Women’s Healt,http://sciencereview.silentspring.org/mamm_detail.cfm?cid=53-70-3
65bb6f04c97bbb5c361cad10,191-30-0,Product of combustion,"dibenzo[def,p]chrysene",SILENT SPRING INSTITUTE Researching the Environment and Women’s Healt,http://sciencereview.silentspring.org/mamm_detail.cfm?cid=191-30-0
65bb6f04c97bbb5c361cad11,76180-96-6,Product of combustion,IQ,SILENT SPRING INSTITUTE Researching the Environment and Women’s Healt,http://sciencereview.silentspring.org/mamm_detail.cfm?cid=76180-96-6
65bb6f04c97bbb5c361cad12,78-79-5,Product of combustion,isoprene,SILENT SPRING INSTITUTE Researching the Environment and Women’s Healt,http://sciencereview.silentspring.org/mamm_detail.cfm?cid=78-79-5
65bb6f04c97bbb5c361cad13,77094-11-2,Product of combustion,MeIQ,SILENT SPRING INSTITUTE Researching the Environment and Women’s Healt,http://sciencereview.silentspring.org/mamm_detail.cfm?cid=77094-11-2
65bb6f04c97bbb5c361cad14,105650-23-5,Product of combustion,PhIP,SILENT SPRING INSTITUTE Researching the Environment and Women’s Healt,http://sciencereview.silentspring.org/mamm_detail.cfm?cid=105650-23-5
65bb6f04c97bbb5c361cad15,72254-58-1,Product of combustion,Trp-P-2 acetate,SILENT SPRING INSTITUTE Researching the Environment and Women’s Healt,http://sciencereview.silentspring.org/mamm_detail.cfm?cid=72254-58-1
65bb6f04c97bbb5c361cad16,96-12-8,Pesticide,"1,2-dibromo-3-chloropropane",SILENT SPRING INSTITUTE Researching the Environment and Women’s Healt,http://sciencereview.silentspring.org/mamm_detail.cfm?cid=96-12-8
65bb6f04c97bbb5c361cad17,1912-24-9,Pesticide,atrazine,SILENT SPRING INSTITUTE Researching the Environment and Women’s Healt,http://sciencereview.silentspring.org/mamm_detail.cfm?cid=1912-24-9
65bb6f04c97bbb5c361cad18,2425-06-1,Pesticide,captafol,SILENT SPRING INSTITUTE Researching the Environment and Women’s Healt,http://sciencereview.silentspring.org/mamm_detail.cfm?cid=2425-06-1
65bb6f04c97bbb5c361cad19,12789-03-6,Pesticide,chlordane,SILENT SPRING INSTITUTE Researching the Environment and Women’s Healt,http://sciencereview.silentspring.org/mamm_detail.cfm?cid=12789-03-6
65bb6f04c97bbb5c361cad1a,1420-04-8,Pesticide,clonitralid,SILENT SPRING INSTITUTE Researching the Environment and Women’s Healt,http://sciencereview.silentspring.org/mamm_detail.cfm?cid=1420-04-8
65bb6f04c97bbb5c361cad1b,62-73-7,Pesticide,dichlorvos,SILENT SPRING INSTITUTE Researching the Environment and Women’s Healt,http://sciencereview.silentspring.org/mamm_detail.cfm?cid=62-73-7
65bb6f04c97bbb5c361cad1c,51630-58-1,Pesticide,fenvalerate,SILENT SPRING INSTITUTE Researching the Environment and Women’s Healt,http://sciencereview.silentspring.org/mamm_detail.cfm?cid=51630-58-1
65bb6f04c97bbb5c361cad1d,3570-75-0,Pesticide,nifurthiazole,SILENT SPRING INSTITUTE Researching the Environment and Women’s Healt,http://sciencereview.silentspring.org/mamm_detail.cfm?cid=3570-75-0
65bb6f04c97bbb5c361cad1e,122-34-9,Pesticide,simazine,SILENT SPRING INSTITUTE Researching the Environment and Women’s Healt,http://sciencereview.silentspring.org/mamm_detail.cfm?cid=122-34-9
65bb6f04c97bbb5c361cad1f,95-06-7,Pesticide,sulfallate,SILENT SPRING INSTITUTE Researching the Environment and Women’s Healt,http://sciencereview.silentspring.org/mamm_detail.cfm?cid=95-06-7
65bb6f04c97bbb5c361cad20,39156-41-7,Dyes,"2,4-diaminoanisole sulfate",SILENT SPRING INSTITUTE Researching the Environment and Women’s Healt,http://sciencereview.silentspring.org/mamm_detail.cfm?cid=39156-41-7
65bb6f04c97bbb5c361cad21,91-94-1,Dyes,"3,3'-dichlorobenzidine",SILENT SPRING INSTITUTE Researching the Environment and Women’s Healt,http://sciencereview.silentspring.org/mamm_detail.cfm?cid=91-94-1
65bb6f04c97bbb5c361cad22,119-90-4,Dyes,"3,3'-dimethoxybenzidine",SILENT SPRING INSTITUTE Researching the Environment and Women’s Healt,http://sciencereview.silentspring.org/mamm_detail.cfm?cid=119-90-4
65bb6f04c97bbb5c361cad23,119-93-7,Dyes,"3,3'-dimethylbenzidine",SILENT SPRING INSTITUTE Researching the Environment and Women’s Healt,http://sciencereview.silentspring.org/mamm_detail.cfm?cid=119-93-7
65bb6f04c97bbb5c361cad24,838-88-0,Dyes,"4,4'-methylene-bis(2-methylaniline)",SILENT SPRING INSTITUTE Researching the Environment and Women’s Healt,http://sciencereview.silentspring.org/mamm_detail.cfm?cid=838-88-0
65bb6f04c97bbb5c361cad25,92-67-1,Dyes,4-aminobiphenyl,SILENT SPRING INSTITUTE Researching the Environment and Women’s Healt,http://sciencereview.silentspring.org/mamm_detail.cfm?cid=92-67-1
65bb6f04c97bbb5c361cad26,99-59-2,Dyes,5-nitro-ortho-anisidine,SILENT SPRING INSTITUTE Researching the Environment and Women’s Healt,http://sciencereview.silentspring.org/mamm_detail.cfm?cid=99-59-2
65bb6f04c97bbb5c361cad27,81-11-8,Dyes,amsonic acid,SILENT SPRING INSTITUTE Researching the Environment and Women’s Healt,http://sciencereview.silentspring.org/mamm_detail.cfm?cid=81-11-8
65bb6f04c97bbb5c361cad28,92-87-5,Dyes,benzidine,SILENT SPRING INSTITUTE Researching the Environment and Women’s Healt,http://sciencereview.silentspring.org/mamm_detail.cfm?cid=92-87-5
65bb6f04c97bbb5c361cad29,6459-94-5,Dyes,C.I. Acid Red 114,SILENT SPRING INSTITUTE Researching the Environment and Women’s Healt,http://sciencereview.silentspring.org/mamm_detail.cfm?cid=6459-94-5
65bb6f04c97bbb5c361cad2a,569-61-9,Dyes,C.I. Basic Red 9 monohydrochloride,SILENT SPRING INSTITUTE Researching the Environment and Women’s Healt,http://sciencereview.silentspring.org/mamm_detail.cfm?cid=569-61-9
65bb6f04c97bbb5c361cad2b,1937-37-7,Dyes,C.I. Direct Black 38,SILENT SPRING INSTITUTE Researching the Environment and Women’s Healt,http://sciencereview.silentspring.org/mamm_detail.cfm?cid=1937-37-7
65bb6f04c97bbb5c361cad2c,1694-09-3,Dyes,FD&C Violet no. 1,SILENT SPRING INSTITUTE Researching the Environment and Women’s Healt,http://sciencereview.silentspring.org/mamm_detail.cfm?cid=1694-09-3
65bb6f04c97bbb5c361cad2d,4680-78-8,Dyes,Guinea Green B,SILENT SPRING INSTITUTE Researching the Environment and Women’s Healt,http://sciencereview.silentspring.org/mamm_detail.cfm?cid=4680-78-8
65bb6f04c97bbb5c361cad2e,56932-45-7,Dyes,HC Yellow no. 3,SILENT SPRING INSTITUTE Researching the Environment and Women’s Healt,http://sciencereview.silentspring.org/mamm_detail.cfm?cid=56932-45-7
65bb6f04c97bbb5c361cad2f,129-73-7,Dyes,leucomalachite green,SILENT SPRING INSTITUTE Researching the Environment and Women’s Healt,http://sciencereview.silentspring.org/mamm_detail.cfm?cid=129-73-7
65bb6f04c97bbb5c361cad30,2437-29-8,Dyes,malachite green,SILENT SPRING INSTITUTE Researching the Environment and Women’s Healt,http://sciencereview.silentspring.org/mamm_detail.cfm?cid=2437-29-8
65bb6f04c97bbb5c361cad31,613-35-4,Dyes,"n,n'-diacetylbenzidine",SILENT SPRING INSTITUTE Researching the Environment and Women’s Healt,http://sciencereview.silentspring.org/mamm_detail.cfm?cid=613-35-4
65bb6f04c97bbb5c361cad32,77439-76-0,Drinking water disinfection byproducts,MX (3-chloro-4-(dichloromethyl)-5-hydroxy-2(5h)-furanone),SILENT SPRING INSTITUTE Researching the Environment and Women’s Healt,http://sciencereview.silentspring.org/mamm_detail.cfm?cid=77439-76-0
65bb6f04c97bbb5c361cad33,NA6,Radiation,magnetic fields,SILENT SPRING INSTITUTE Researching the Environment and Women’s Healt,http://sciencereview.silentspring.org/mamm_detail.cfm?cid=NA6
65bb6f04c97bbb5c361cad34,NA7,Radiation,neutrons,SILENT SPRING INSTITUTE Researching the Environment and Women’s Healt,http://sciencereview.silentspring.org/mamm_detail.cfm?cid=NA7
65bb6f04c97bbb5c361cad35,NA8,Radiation,radionuclide hydrogen-3,SILENT SPRING INSTITUTE Researching the Environment and Women’s Healt,http://sciencereview.silentspring.org/mamm_detail.cfm?cid=NA8
65bb6f04c97bbb5c361cad36,NA1,Radiation,"x-rays, gamma rays (ionizing radiation)",SILENT SPRING INSTITUTE Researching the Environment and Women’s Healt,http://sciencereview.silentspring.org/mamm_detail.cfm?cid=NA1
65bb6f04c97bbb5c361cad37,5036-03-3,Pharmaceutical,1-(2-hydroxyethyl)-3-[(5-nitrofurfurylidene)amino]-2-imidazolidinone,SILENT SPRING INSTITUTE Researching the Environment and Women’s Healt,http://sciencereview.silentspring.org/mamm_detail.cfm?cid=5036-03-3
65bb6f04c97bbb5c361cad38,551-92-8,Pharmaceutical,"1,2-dimethyl-5-nitroimidazole",SILENT SPRING INSTITUTE Researching the Environment and Women’s Healt,http://sciencereview.silentspring.org/mamm_detail.cfm?cid=551-92-8
65bb6f04c97bbb5c361cad39,555-84-0,Pharmaceutical,1-[(5-nitrofurfurylidene)amino]-2-imidazolidinone,SILENT SPRING INSTITUTE Researching the Environment and Women’s Healt,http://sciencereview.silentspring.org/mamm_detail.cfm?cid=555-84-0
65bb6f04c97bbb5c361cad3a,3775-55-1,Pharmaceutical,"2-amino-5-(5-nitro-2-furyl)-1,3,4-oxadiazole",SILENT SPRING INSTITUTE Researching the Environment and Women’s Healt,http://sciencereview.silentspring.org/mamm_detail.cfm?cid=3775-55-1
65bb6f04c97bbb5c361cad3b,712-68-5,Pharmaceutical,"2-amino-5-(5-nitro-2-furyl)-1,3,4-thiadiazole",SILENT SPRING INSTITUTE Researching the Environment and Women’s Healt,http://sciencereview.silentspring.org/mamm_detail.cfm?cid=712-68-5
65bb6f04c97bbb5c361cad3c,121-66-4,Pharmaceutical,2-amino-5-nitrothiazole,SILENT SPRING INSTITUTE Researching the Environment and Women’s Healt,http://sciencereview.silentspring.org/mamm_detail.cfm?cid=121-66-4
65bb6f04c97bbb5c361cad3d,77-46-3,Pharmaceutical,"4,4'-sulfonylbisacetanilide",SILENT SPRING INSTITUTE Researching the Environment and Women’s Healt,http://sciencereview.silentspring.org/mamm_detail.cfm?cid=77-46-3
65bb6f04c97bbb5c361cad3e,21638-36-8,Pharmaceutical,4-methyl-1-[(5-nitrofurfurylidene)amino ]-2-imidazolidinone,SILENT SPRING INSTITUTE Researching the Environment and Women’s Healt,http://sciencereview.silentspring.org/mamm_detail.cfm?cid=21638-36-8
65bb6f04c97bbb5c361cad3f,3795-88-8,Pharmaceutical,5-(morpholinomethyl)-3-[(5-nitrofurfurylidene)-amino]-2-oxazolidinone-l form,SILENT SPRING INSTITUTE Researching the Environment and Women’s Healt,http://sciencereview.silentspring.org/mamm_detail.cfm?cid=3795-88-8
65bb6f04c97bbb5c361cad40,320-67-2,Pharmaceutical,5-azacytidine,SILENT SPRING INSTITUTE Researching the Environment and Women’s Healt,http://sciencereview.silentspring.org/mamm_detail.cfm?cid=320-67-2
65bb6f04c97bbb5c361cad41,7008-42-6,Pharmaceutical,acronycine,SILENT SPRING INSTITUTE Researching the Environment and Women’s Healt,http://sciencereview.silentspring.org/mamm_detail.cfm?cid=7008-42-6
65bb6f04c97bbb5c361cad42,23214-92-8,Pharmaceutical,adriamycin,SILENT SPRING INSTITUTE Researching the Environment and Women’s Healt,http://sciencereview.silentspring.org/mamm_detail.cfm?cid=23214-92-8
65bb6f04c97bbb5c361cad43,51264-14-3,Pharmaceutical,amsacrine,SILENT SPRING INSTITUTE Researching the Environment and Women’s Healt,http://sciencereview.silentspring.org/mamm_detail.cfm?cid=51264-14-3
65bb6f04c97bbb5c361cad44,58917-67-2,Pharmaceutical,"anti-(+/-)-trans-7,8,9,10-tetrahydrobenzo[a]pyrene-7,8-diol-9,10-epoxide",SILENT SPRING INSTITUTE Researching the Environment and Women’s Healt,http://sciencereview.silentspring.org/mamm_detail.cfm?cid=58917-67-2
65bb6f04c97bbb5c361cad45,88133-11-3,Pharmaceutical,bemitradine,SILENT SPRING INSTITUTE Researching the Environment and Women’s Healt,http://sciencereview.silentspring.org/mamm_detail.cfm?cid=88133-11-3
65bb6f04c97bbb5c361cad46,305-03-3,Pharmaceutical,chloroambucil,SILENT SPRING INSTITUTE Researching the Environment and Women’s Healt,http://sciencereview.silentspring.org/mamm_detail.cfm?cid=305-03-3
65bb6f04c97bbb5c361cad47,50-18-0,Pharmaceutical,cyclophosphamide,SILENT SPRING INSTITUTE Researching the Environment and Women’s Healt,http://sciencereview.silentspring.org/mamm_detail.cfm?cid=50-18-0
65bb6f04c97bbb5c361cad48,21739-91-3,Pharmaceutical,cytembena,SILENT SPRING INSTITUTE Researching the Environment and Women’s Healt,http://sciencereview.silentspring.org/mamm_detail.cfm?cid=21739-91-3
65bb6f04c97bbb5c361cad49,4342-03-4,Pharmaceutical,dacarbazine,SILENT SPRING INSTITUTE Researching the Environment and Women’s Healt,http://sciencereview.silentspring.org/mamm_detail.cfm?cid=4342-03-4
65bb6f04c97bbb5c361cad4a,20830-81-3,Pharmaceutical,daunomycin,SILENT SPRING INSTITUTE Researching the Environment and Women’s Healt,http://sciencereview.silentspring.org/mamm_detail.cfm?cid=20830-81-3
65bb6f04c97bbb5c361cad4b,488-41-5,Pharmaceutical,dibromomannitol,SILENT SPRING INSTITUTE Researching the Environment and Women’s Healt,http://sciencereview.silentspring.org/mamm_detail.cfm?cid=488-41-5
65bb6f04c97bbb5c361cad4c,54-31-9,Pharmaceutical,furosemide,SILENT SPRING INSTITUTE Researching the Environment and Women’s Healt,http://sciencereview.silentspring.org/mamm_detail.cfm?cid=54-31-9
65bb6f04c97bbb5c361cad4d,126-07-8,Pharmaceutical,griseofulvin,SILENT SPRING INSTITUTE Researching the Environment and Women’s Healt,http://sciencereview.silentspring.org/mamm_detail.cfm?cid=126-07-8
65bb6f04c97bbb5c361cad4e,531-18-0,Pharmaceutical,hexamethylmelamine,SILENT SPRING INSTITUTE Researching the Environment and Women’s Healt,http://sciencereview.silentspring.org/mamm_detail.cfm?cid=531-18-0
65bb6f04c97bbb5c361cad4f,53-86-1,Pharmaceutical,indomethacin,SILENT SPRING INSTITUTE Researching the Environment and Women’s Healt,http://sciencereview.silentspring.org/mamm_detail.cfm?cid=53-86-1
65bb6f04c97bbb5c361cad50,54-85-3,Pharmaceutical,isoniazid,SILENT SPRING INSTITUTE Researching the Environment and Women’s Healt,http://sciencereview.silentspring.org/mamm_detail.cfm?cid=54-85-3
65bb6f04c97bbb5c361cad51,149-17-7,Pharmaceutical,isonicotinic acid vanillylidenehydrazide,SILENT SPRING INSTITUTE Researching the Environment and Women’s Healt,http://sciencereview.silentspring.org/mamm_detail.cfm?cid=149-17-7
65bb6f04c97bbb5c361cad52,3778-73-2,Pharmaceutical,isophosphamide,SILENT SPRING INSTITUTE Researching the Environment and Women’s Healt,http://sciencereview.silentspring.org/mamm_detail.cfm?cid=3778-73-2
65bb6f04c97bbb5c361cad53,3031-51-4,Pharmaceutical,l-5-morpholinomethyl-3-[(5-nitrofurfurylidene)amino]-2-oxazolidinone.hcl,SILENT SPRING INSTITUTE Researching the Environment and Women’s Healt,http://sciencereview.silentspring.org/mamm_detail.cfm?cid=3031-51-4
65bb6f04c97bbb5c361cad54,531-76-0,Pharmaceutical,merphalan,SILENT SPRING INSTITUTE Researching the Environment and Women’s Healt,http://sciencereview.silentspring.org/mamm_detail.cfm?cid=531-76-0
65bb6f04c97bbb5c361cad55,443-48-1,Pharmaceutical,metronidazole,SILENT SPRING INSTITUTE Researching the Environment and Women’s Healt,http://sciencereview.silentspring.org/mamm_detail.cfm?cid=443-48-1
65bb6f04c97bbb5c361cad56,50-07-7,Pharmaceutical,mitomycin-c,SILENT SPRING INSTITUTE Researching the Environment and Women’s Healt,http://sciencereview.silentspring.org/mamm_detail.cfm?cid=50-07-7
65bb6f04c97bbb5c361cad57,55120-47-3,Pharmaceutical,"n,n'-dimethylnitrosourea",SILENT SPRING INSTITUTE Researching the Environment and Women’s Healt,http://sciencereview.silentspring.org/mamm_detail.cfm?cid=55120-47-3
65bb6f04c97bbb5c361cad58,531-82-8,Pharmaceutical,n-[4-(5-nitro-2-furyl)-2-thiazolyl]acetamide,SILENT SPRING INSTITUTE Researching the Environment and Women’s Healt,http://sciencereview.silentspring.org/mamm_detail.cfm?cid=531-82-8
65bb6f04c97bbb5c361cad59,61-57-4,Pharmaceutical,niridazole,SILENT SPRING INSTITUTE Researching the Environment and Women’s Healt,http://sciencereview.silentspring.org/mamm_detail.cfm?cid=61-57-4
65bb6f04c97bbb5c361cad5a,139-94-6,Pharmaceutical,nithiazide,SILENT SPRING INSTITUTE Researching the Environment and Women’s Healt,http://sciencereview.silentspring.org/mamm_detail.cfm?cid=139-94-6
65bb6f04c97bbb5c361cad5b,67-20-9,Pharmaceutical,nitrofurantoin,SILENT SPRING INSTITUTE Researching the Environment and Women’s Healt,http://sciencereview.silentspring.org/mamm_detail.cfm?cid=67-20-9
65bb6f04c97bbb5c361cad5c,59-87-0,Pharmaceutical,nitrofurazone,SILENT SPRING INSTITUTE Researching the Environment and Women’s Healt,http://sciencereview.silentspring.org/mamm_detail.cfm?cid=59-87-0
65bb6f04c97bbb5c361cad5d,8015-12-1,Pharmaceutical,norlestrin,SILENT SPRING INSTITUTE Researching the Environment and Women’s Healt,http://sciencereview.silentspring.org/mamm_detail.cfm?cid=8015-12-1
65bb6f04c97bbb5c361cad5e,62-44-2,Pharmaceutical,phenacetin,SILENT SPRING INSTITUTE Researching the Environment and Women’s Healt,http://sciencereview.silentspring.org/mamm_detail.cfm?cid=62-44-2
65bb6f04c97bbb5c361cad5f,3546-10-9,Pharmaceutical,phenesterin,SILENT SPRING INSTITUTE Researching the Environment and Women’s Healt,http://sciencereview.silentspring.org/mamm_detail.cfm?cid=3546-10-9
65bb6f04c97bbb5c361cad60,366-70-1,Pharmaceutical,procarbazine hydrochloride,SILENT SPRING INSTITUTE Researching the Environment and Women’s Healt,http://sciencereview.silentspring.org/mamm_detail.cfm?cid=366-70-1
65bb6f04c97bbb5c361cad61,50-55-5,Pharmaceutical,reserpine,SILENT SPRING INSTITUTE Researching the Environment and Women’s Healt,http://sciencereview.silentspring.org/mamm_detail.cfm?cid=50-55-5
65bb6f04c97bbb5c361cad62,28754-68-9,Pharmaceutical,SQ 18506,SILENT SPRING INSTITUTE Researching the Environment and Women’s Healt,http://sciencereview.silentspring.org/mamm_detail.cfm?cid=28754-68-9
65bb6f04c97bbb5c361cad63,52-24-4,Pharmaceutical,thiotepa,SILENT SPRING INSTITUTE Researching the Environment and Women’s Healt,http://sciencereview.silentspring.org/mamm_detail.cfm?cid=52-24-4
65bb6f04c97bbb5c361cad64,25962-77-0,Pharmaceutical,"trans-2-[(dimethylamino)methylimino]-5-[2-(5-nitro-2-furyl)vinyl]-1,3,4-oxadiazole",SILENT SPRING INSTITUTE Researching the Environment and Women’s Healt,http://sciencereview.silentspring.org/mamm_detail.cfm?cid=25962-77-0
65bb6f04c97bbb5c361cad65,66-75-1,Pharmaceutical,uracil mustard,SILENT SPRING INSTITUTE Researching the Environment and Women’s Healt,http://sciencereview.silentspring.org/mamm_detail.cfm?cid=66-75-1
65bb6f04c97bbb5c361cad66,630-56-8,Hormone,17a-hydroxyprogesterone caproate ,SILENT SPRING INSTITUTE Researching the Environment and Women’s Healt,http://sciencereview.silentspring.org/mamm_detail.cfm?cid=630-56-8
65bb6f04c97bbb5c361cad67,302-22-7,Hormone,chlormadinone acetate,SILENT SPRING INSTITUTE Researching the Environment and Women’s Healt,http://sciencereview.silentspring.org/mamm_detail.cfm?cid=302-22-7
65bb6f04c97bbb5c361cad68,NA5,Hormone,conjugated estrogens,SILENT SPRING INSTITUTE Researching the Environment and Women’s Healt,http://sciencereview.silentspring.org/mamm_detail.cfm?cid=NA5
65bb6f04c97bbb5c361cad69,56-53-1,Hormone,diethylstilbestrol,SILENT SPRING INSTITUTE Researching the Environment and Women’s Healt,http://sciencereview.silentspring.org/mamm_detail.cfm?cid=56-53-1
65bb6f04c97bbb5c361cad6a,50-28-2,Hormone,estradiol-17b,SILENT SPRING INSTITUTE Researching the Environment and Women’s Healt,http://sciencereview.silentspring.org/mamm_detail.cfm?cid=50-28-2
65bb6f04c97bbb5c361cad6b,50-27-1,Hormone,estriol,SILENT SPRING INSTITUTE Researching the Environment and Women’s Healt,http://sciencereview.silentspring.org/mamm_detail.cfm?cid=50-27-1
65bb6f04c97bbb5c361cad6c,53-16-7,Hormone,estrone,SILENT SPRING INSTITUTE Researching the Environment and Women’s Healt,http://sciencereview.silentspring.org/mamm_detail.cfm?cid=53-16-7
65bb6f04c97bbb5c361cad6d,57-63-6,Hormone,ethinylestradiol,SILENT SPRING INSTITUTE Researching the Environment and Women’s Healt,http://sciencereview.silentspring.org/mamm_detail.cfm?cid=57-63-6
65bb6f04c97bbb5c361cad6e,297-76-7,Hormone,ethynodial diacetate,SILENT SPRING INSTITUTE Researching the Environment and Women’s Healt,http://sciencereview.silentspring.org/mamm_detail.cfm?cid=297-76-7
65bb6f04c97bbb5c361cad6f,52-76-6,Hormone,lynestrenol,SILENT SPRING INSTITUTE Researching the Environment and Women’s Healt,http://sciencereview.silentspring.org/mamm_detail.cfm?cid=52-76-6
65bb6f04c97bbb5c361cad70,71-58-9,Hormone,medroxyprogesterone acetate ,SILENT SPRING INSTITUTE Researching the Environment and Women’s Healt,http://sciencereview.silentspring.org/mamm_detail.cfm?cid=71-58-9
65bb6f04c97bbb5c361cad71,595-33-5,Hormone,megestrol acetate,SILENT SPRING INSTITUTE Researching the Environment and Women’s Healt,http://sciencereview.silentspring.org/mamm_detail.cfm?cid=595-33-5
65bb6f04c97bbb5c361cad72,72-33-3,Hormone,mestranol,SILENT SPRING INSTITUTE Researching the Environment and Women’s Healt,http://sciencereview.silentspring.org/mamm_detail.cfm?cid=72-33-3
65bb6f04c97bbb5c361cad73,68-22-4,Hormone,norethisterone,SILENT SPRING INSTITUTE Researching the Environment and Women’s Healt,http://sciencereview.silentspring.org/mamm_detail.cfm?cid=68-22-4
65bb6f04c97bbb5c361cad74,68-23-5,Hormone,norethynodrel,SILENT SPRING INSTITUTE Researching the Environment and Women’s Healt,http://sciencereview.silentspring.org/mamm_detail.cfm?cid=68-23-5
65bb6f04c97bbb5c361cad75,57-83-0,Hormone,progesterone,SILENT SPRING INSTITUTE Researching the Environment and Women’s Healt,http://sciencereview.silentspring.org/mamm_detail.cfm?cid=57-83-0
65bb6f04c97bbb5c361cad76,58-22-0,Hormone,testosterone,SILENT SPRING INSTITUTE Researching the Environment and Women’s Healt,http://sciencereview.silentspring.org/mamm_detail.cfm?cid=58-22-0
65bb6f04c97bbb5c361cad77,NA4,Natural product,bracken fern (and its extracted chemicals),SILENT SPRING INSTITUTE Researching the Environment and Women’s Healt,http://sciencereview.silentspring.org/mamm_detail.cfm?cid=NA4
65bb6f04c97bbb5c361cad78,60391-92-6,Natural product,carboxymethylnitrosourea,SILENT SPRING INSTITUTE Researching the Environment and Women’s Healt,http://sciencereview.silentspring.org/mamm_detail.cfm?cid=60391-92-6
65bb6f04c97bbb5c361cad79,93-15-2,Natural product,methyleugenol,SILENT SPRING INSTITUTE Researching the Environment and Women’s Healt,http://sciencereview.silentspring.org/mamm_detail.cfm?cid=93-15-2
65bb6f04c97bbb5c361cad7a,303-47-9,Natural product,ochratoxin A,SILENT SPRING INSTITUTE Researching the Environment and Women’s Healt,http://sciencereview.silentspring.org/mamm_detail.cfm?cid=303-47-9
65bb6f04c97bbb5c361cad7b,NA2,Natural product,wood dust methanol extract,SILENT SPRING INSTITUTE Researching the Environment and Women’s Healt,http://sciencereview.silentspring.org/mamm_detail.cfm?cid=NA2
65bb6f04c97bbb5c361cad7c,10589-74-9,Research chemical,1-amyl-1-nitrosourea,SILENT SPRING INSTITUTE Researching the Environment and Women’s Healt,http://sciencereview.silentspring.org/mamm_detail.cfm?cid=10589-74-9
65bb6f04c97bbb5c361cad7d,53-96-3,Research chemical,2-acetylaminofluorene,SILENT SPRING INSTITUTE Researching the Environment and Women’s Healt,http://sciencereview.silentspring.org/mamm_detail.cfm?cid=53-96-3
65bb6f04c97bbb5c361cad7e,153-78-6,Research chemical,2-aminofluorene,SILENT SPRING INSTITUTE Researching the Environment and Women’s Healt,http://sciencereview.silentspring.org/mamm_detail.cfm?cid=153-78-6
65bb6f04c97bbb5c361cad7f,13394-86-0,Research chemical,"3,2'-dimethyl-4-aminobiphenyl",SILENT SPRING INSTITUTE Researching the Environment and Women’s Healt,http://sciencereview.silentspring.org/mamm_detail.cfm?cid=13394-86-0
65bb6f04c97bbb5c361cad80,53757-28-1,Research chemical,4-(5-nitro-2-furyl) thiazole,SILENT SPRING INSTITUTE Researching the Environment and Women’s Healt,http://sciencereview.silentspring.org/mamm_detail.cfm?cid=53757-28-1
65bb6f04c97bbb5c361cad81,33372-39-3,Research chemical,4-bis(2-hydroxyethyl)amino-2-(5-nitro-2-thienyl) quinazoline,SILENT SPRING INSTITUTE Researching the Environment and Women’s Healt,http://sciencereview.silentspring.org/mamm_detail.cfm?cid=33372-39-3
65bb6f04c97bbb5c361cad82,1010-61-3,Research chemical,4-hydroxyaminoquinoline 1-oxide hydrochloride,SILENT SPRING INSTITUTE Researching the Environment and Women’s Healt,http://sciencereview.silentspring.org/mamm_detail.cfm?cid=1010-61-3
65bb6f04c97bbb5c361cad83,62-50-0,Research chemical,ethyl methanesulfonate,SILENT SPRING INSTITUTE Researching the Environment and Women’s Healt,http://sciencereview.silentspring.org/mamm_detail.cfm?cid=62-50-0
65bb6f04c97bbb5c361cad84,24554-26-5,Research chemical,n-(4-(5-nitro-2-furyl)-2-thiazolyl) formamide,SILENT SPRING INSTITUTE Researching the Environment and Women’s Healt,http://sciencereview.silentspring.org/mamm_detail.cfm?cid=24554-26-5
65bb6f04c97bbb5c361cad85,3096-50-2,Research chemical,n-(9-oxo-2-fluorenyl)acetamide,SILENT SPRING INSTITUTE Researching the Environment and Women’s Healt,http://sciencereview.silentspring.org/mamm_detail.cfm?cid=3096-50-2
65bb6f04c97bbb5c361cad86,49540-32-1,Research chemical,"n,n'-diethyl-n-nitrosourea",SILENT SPRING INSTITUTE Researching the Environment and Women’s Healt,http://sciencereview.silentspring.org/mamm_detail.cfm?cid=49540-32-1
65bb6f04c97bbb5c361cad87,869-01-2,Research chemical,n-n-butyl-n-nitrosourea,SILENT SPRING INSTITUTE Researching the Environment and Women’s Healt,http://sciencereview.silentspring.org/mamm_detail.cfm?cid=869-01-2
65bb6f04c97bbb5c361cad88,759-73-9,Research chemical,n-nitroso-n-ethylurea,SILENT SPRING INSTITUTE Researching the Environment and Women’s Healt,http://sciencereview.silentspring.org/mamm_detail.cfm?cid=759-73-9
65bb6f04c97bbb5c361cad89,684-93-5,Research chemical,n-nitroso-n-methylurea,SILENT SPRING INSTITUTE Researching the Environment and Women’s Healt,http://sciencereview.silentspring.org/mamm_detail.cfm?cid=684-93-5
65bb6f04c97bbb5c361cad8a,82617-23-0,Research chemical,vinyl carbamate epoxide,SILENT SPRING INSTITUTE Researching the Environment and Women’s Healt,http://sciencereview.silentspring.org/mamm_detail.cfm?cid=82617-23-0
65bb6f04c97bbb5c361cad8b,21928-82-5,Unclassified,(n-6)-(methylnitroso)adenosine,SILENT SPRING INSTITUTE Researching the Environment and Women’s Healt,http://sciencereview.silentspring.org/mamm_detail.cfm?cid=21928-82-5
65bb6f04c97bbb5c361cad8c,13743-07-2,Unclassified,1-(2-hydroxyethyl)-1-nitrosourea,SILENT SPRING INSTITUTE Researching the Environment and Women’s Healt,http://sciencereview.silentspring.org/mamm_detail.cfm?cid=13743-07-2
65bb6f04c97bbb5c361cad8d,96724-45-7,Unclassified,1-(2-hydroxyethyl)-nitroso-3-ethylurea,SILENT SPRING INSTITUTE Researching the Environment and Women’s Healt,http://sciencereview.silentspring.org/mamm_detail.cfm?cid=96724-45-7
65bb6f04c97bbb5c361cad8e,56654-52-5,Unclassified,"1,3-dibutyl-1-nitrosourea",SILENT SPRING INSTITUTE Researching the Environment and Women’s Healt,http://sciencereview.silentspring.org/mamm_detail.cfm?cid=56654-52-5
65bb6f04c97bbb5c361cad8f,760-56-5,Unclassified,1-allyl-1-nitrosourea,SILENT SPRING INSTITUTE Researching the Environment and Women’s Healt,http://sciencereview.silentspring.org/mamm_detail.cfm?cid=760-56-5
65bb6f04c97bbb5c361cad90,96724-44-6,Unclassified,1-ethylnitroso-3-(2-hydroxyethyl)-urea,SILENT SPRING INSTITUTE Researching the Environment and Women’s Healt,http://sciencereview.silentspring.org/mamm_detail.cfm?cid=96724-44-6
65bb6f04c97bbb5c361cad91,110559-84-7,Unclassified,1-ethylnitroso-3-(2-oxopropyl)-urea,SILENT SPRING INSTITUTE Researching the Environment and Women’s Healt,http://sciencereview.silentspring.org/mamm_detail.cfm?cid=110559-84-7
65bb6f04c97bbb5c361cad92,26049-69-4,Unclassified,"2-(2,2-dimethylhydrazino)-4-(5-nitro-2-furyl) thiazole",SILENT SPRING INSTITUTE Researching the Environment and Women’s Healt,http://sciencereview.silentspring.org/mamm_detail.cfm?cid=26049-69-4
65bb6f04c97bbb5c361cad93,42011-48-3,Unclassified,"2,2,2-trifluoro-n-[4-(5-nitro-2-furyl)-2-thiazolyl] acetamide",SILENT SPRING INSTITUTE Researching the Environment and Women’s Healt,http://sciencereview.silentspring.org/mamm_detail.cfm?cid=42011-48-3
65bb6f04c97bbb5c361cad94,26049-68-3,Unclassified,2-hydrazino-4-(5-nitro-2-furyl) thiazole,SILENT SPRING INSTITUTE Researching the Environment and Women’s Healt,http://sciencereview.silentspring.org/mamm_detail.cfm?cid=26049-68-3
65bb6f04c97bbb5c361cad95,26049-71-8,Unclassified,2-hydrazino-4-(p-aminophenyl) thiazole,SILENT SPRING INSTITUTE Researching the Environment and Women’s Healt,http://sciencereview.silentspring.org/mamm_detail.cfm?cid=26049-71-8
65bb6f04c97bbb5c361cad96,26049-70-7,Unclassified,2-hydrazino-4-(p-nitrophenyl) thiazole,SILENT SPRING INSTITUTE Researching the Environment and Women’s Healt,http://sciencereview.silentspring.org/mamm_detail.cfm?cid=26049-70-7
65bb6f04c97bbb5c361cad97,5834-17-3,Unclassified,2-methoxy-3-aminodibenzofuran,SILENT SPRING INSTITUTE Researching the Environment and Women’s Healt,http://sciencereview.silentspring.org/mamm_detail.cfm?cid=5834-17-3
65bb6f04c97bbb5c361cad98,75198-31-1,Unclassified,"3-(5-nitro-2-furyl)-imidazo(1,2-a) pyridine",SILENT SPRING INSTITUTE Researching the Environment and Women’s Healt,http://sciencereview.silentspring.org/mamm_detail.cfm?cid=75198-31-1
65bb6f04c97bbb5c361cad99,720-69-4,Unclassified,"4,6-diamino-2-(5-nitro-2-furyl)-s-triazine",SILENT SPRING INSTITUTE Researching the Environment and Women’s Healt,http://sciencereview.silentspring.org/mamm_detail.cfm?cid=720-69-4
65bb6f04c97bbb5c361cad9a,59-35-8,Unclassified,"4,6-dimethyl-2-(5-nitro-2-furyl) pyrimidine",SILENT SPRING INSTITUTE Researching the Environment and Women’s Healt,http://sciencereview.silentspring.org/mamm_detail.cfm?cid=59-35-8
65bb6f04c97bbb5c361cad9b,4075-79-0,Unclassified,4-acetylaminobiphenyl,SILENT SPRING INSTITUTE Researching the Environment and Women’s Healt,http://sciencereview.silentspring.org/mamm_detail.cfm?cid=4075-79-0
65bb6f04c97bbb5c361cad9c,834-24-2,Unclassified,4-aminostilbene,SILENT SPRING INSTITUTE Researching the Environment and Women’s Healt,http://sciencereview.silentspring.org/mamm_detail.cfm?cid=834-24-2
65bb6f04c97bbb5c361cad9d,NA3,Unclassified,"anti-(+/-)-1,2,3,4-tetrahydrobenzo[c]phenanthrene-3,4-diol-1,2-epoxide",SILENT SPRING INSTITUTE Researching the Environment and Women’s Healt,http://sciencereview.silentspring.org/mamm_detail.cfm?cid=NA3
65bb6f04c97bbb5c361cad9e,83349-67-1,Unclassified,"anti-1,2,3,10b-tetrahydrofluoranthene-2,3-diol 1,10b-oxide",SILENT SPRING INSTITUTE Researching the Environment and Women’s Healt,http://sciencereview.silentspring.org/mamm_detail.cfm?cid=83349-67-1
65bb6f04c97bbb5c361cad9f,138857-19-9,Unclassified,"anti-4,5-dihydroxy-6,6a-epoxy-4,5,6,6a-tetrahydrobenzo[j]fluoranthene",SILENT SPRING INSTITUTE Researching the Environment and Women’s Healt,http://sciencereview.silentspring.org/mamm_detail.cfm?cid=138857-19-9
65bb6f04c97bbb5c361cada0,138857-21-3,Unclassified,"anti-9,10-dihydroxy-11,12-epoxy-9,10,11,12-tetrahydrobenzo[j]fluoranthene",SILENT SPRING INSTITUTE Researching the Environment and Women’s Healt,http://sciencereview.silentspring.org/mamm_detail.cfm?cid=138857-21-3
65bb6f04c97bbb5c361cada1,132832-26-9,Unclassified,"anti-benzo[a]chrysene-11,12-diol-13,14-epoxide",SILENT SPRING INSTITUTE Researching the Environment and Women’s Healt,http://sciencereview.silentspring.org/mamm_detail.cfm?cid=132832-26-9
65bb6f04c97bbb5c361cada2,153926-04-6,Unclassified,"anti-dibenzo[a,l]pyrene-11,12-dihydrodiol-13,14-epoxide",SILENT SPRING INSTITUTE Researching the Environment and Women’s Healt,http://sciencereview.silentspring.org/mamm_detail.cfm?cid=153926-04-6
65bb6f04c97bbb5c361cada3,16301-26-1,Unclassified,azoxyethane,SILENT SPRING INSTITUTE Researching the Environment and Women’s Healt,http://sciencereview.silentspring.org/mamm_detail.cfm?cid=16301-26-1
65bb6f04c97bbb5c361cada4,142713-78-8,Unclassified,"dimethylaminoethylnitrosoethylurea,nitrite salt",SILENT SPRING INSTITUTE Researching the Environment and Women’s Healt,http://sciencereview.silentspring.org/mamm_detail.cfm?cid=142713-78-8
65bb6f04c97bbb5c361cada5,32852-21-4,Unclassified,formicacid2-(4-methyl-2-thiazolyl)hydrazide,SILENT SPRING INSTITUTE Researching the Environment and Women’s Healt,http://sciencereview.silentspring.org/mamm_detail.cfm?cid=32852-21-4
65bb6f04c97bbb5c361cada6,302-15-8,Unclassified,methylhydrazine sulfate,SILENT SPRING INSTITUTE Researching the Environment and Women’s Healt,http://sciencereview.silentspring.org/mamm_detail.cfm?cid=302-15-8
65bb6f04c97bbb5c361cada7,18774-85-1,Unclassified,n-hexylnitrosourea,SILENT SPRING INSTITUTE Researching the Environment and Women’s Healt,http://sciencereview.silentspring.org/mamm_detail.cfm?cid=18774-85-1
65bb6f04c97bbb5c361cada8,363-17-7,Unclassified,"n-(2-fluorenyl)-2,2,2-trifluoroacetamide",SILENT SPRING INSTITUTE Researching the Environment and Women’s Healt,http://sciencereview.silentspring.org/mamm_detail.cfm?cid=363-17-7
65bb6f04c97bbb5c361cada9,63642-17-1,Unclassified,n-(n-methyl-n-nitrosocarbamoyl)-1-ornithine,SILENT SPRING INSTITUTE Researching the Environment and Women’s Healt,http://sciencereview.silentspring.org/mamm_detail.cfm?cid=63642-17-1
65bb6f04c97bbb5c361cadaa,51325-35-0,Unclassified,"n,n'-[6-(5-nitro-2-furyl)-s-triazine-2,4-diyl]bisacetamide",SILENT SPRING INSTITUTE Researching the Environment and Women’s Healt,http://sciencereview.silentspring.org/mamm_detail.cfm?cid=51325-35-0
65bb6f04c97bbb5c361cadab,63019-65-8,Unclassified,n-1-diacetamidofluorene,SILENT SPRING INSTITUTE Researching the Environment and Women’s Healt,http://sciencereview.silentspring.org/mamm_detail.cfm?cid=63019-65-8
65bb6f04c97bbb5c361cadac,72479-23-3,Unclassified,"n-ethyl-n'-methyl-n-nitrosourea",SILENT SPRING INSTITUTE Researching the Environment and Women’s Healt,http://sciencereview.silentspring.org/mamm_detail.cfm?cid=72479-23-3
65bb6f04c97bbb5c361cadad,53-95-2,Unclassified,n-hydroxy-2-(acetylamino)fluorene,SILENT SPRING INSTITUTE Researching the Environment and Women’s Healt,http://sciencereview.silentspring.org/mamm_detail.cfm?cid=53-95-2
65bb6f04c97bbb5c361cadae,71609-22-8,Unclassified,"n-hydroxy-n,n'-diacetylbenzidine",SILENT SPRING INSTITUTE Researching the Environment and Women’s Healt,http://sciencereview.silentspring.org/mamm_detail.cfm?cid=71609-22-8
65bb6f04c97bbb5c361cadaf,118745-11-2,Unclassified,n-hydroxy-n-formyl-trans-4-aminostilbene,SILENT SPRING INSTITUTE Researching the Environment and Women’s Healt,http://sciencereview.silentspring.org/mamm_detail.cfm?cid=118745-11-2
65bb6f04c97bbb5c361cadb0,118745-12-3,Unclassified,n-hydroxy-n-propionyl-trans-4-aminostilbene,SILENT SPRING INSTITUTE Researching the Environment and Women’s Healt,http://sciencereview.silentspring.org/mamm_detail.cfm?cid=118745-12-3
65bb6f04c97bbb5c361cadb1,843-23-2,Unclassified,trans-n-hydroxy-4-acetylaminostilbene,SILENT SPRING INSTITUTE Researching the Environment and Women’s Healt,http://sciencereview.silentspring.org/mamm_detail.cfm?cid=843-23-2